toolUri;letter
https://pro.arcgis.com/en/pro-app/tool-reference/analysis/union.htm;0
https://pro.arcgis.com/en/pro-app/tool-reference/data-management/dissolve.htm;1
https://pro.arcgis.com/en/pro-app/tool-reference/analysis/spatial-join.htm;2
https://pro.arcgis.com/en/pro-app/tool-reference/data-management/add-field.htm;3
https://pro.arcgis.com/en/pro-app/tool-reference/data-management/calculate-geometry-attributes.htm;4
https://pro.arcgis.com/en/pro-app/tool-reference/analysis/summarize-within.htm;5
https://pro.arcgis.com/en/pro-app/tool-reference/data-management/copy-features.htm;6
https://pro.arcgis.com/en/pro-app/tool-reference/data-management/select-layer-by-attribute.htm;7
https://pro.arcgis.com/en/pro-app/tool-reference/geoanalytics-desktop/join-features.htm;8
https://pro.arcgis.com/en/pro-app/tool-reference/spatial-analyst/euclidean-distance.htm;9
https://pro.arcgis.com/en/pro-app/tool-reference/spatial-analyst/zonal-statistics-as-table.htm;A
https://pro.arcgis.com/en/pro-app/tool-reference/data-management/select-layer-by-location.htm;B
https://pro.arcgis.com/en/pro-app/tool-reference/data-management/feature-to-point.htm;C
https://pro.arcgis.com/en/pro-app/tool-reference/analysis/select.htm;D
https://pro.arcgis.com/en/pro-app/tool-reference/data-management/add-join.htm;E
https://pro.arcgis.com/en/pro-app/tool-reference/spatial-analyst/point-density.htm;F
https://pro.arcgis.com/en/pro-app/help/analysis/image-analyst/overview-of-image-classification.htm;G
https://pro.arcgis.com/en/pro-app/tool-reference/data-management/join-field.htm;H
https://pro.arcgis.com/en/pro-app/tool-reference/spatial-analyst/reclassify.htm;I
https://pro.arcgis.com/en/pro-app/tool-reference/geoanalytics-desktop/calculate-field.htm;J
https://pro.arcgis.com/en/pro-app/tool-reference/conversion/point-to-raster.htm;K
https://pro.arcgis.com/en/pro-app/tool-reference/analysis/clip.htm;L
